{
	"resting state": 0,
	"artifact:EOG (blinks, fast, large amplitude)": 257,
	"artifact:EMG/Muscle": 259,
	"artifact:50/60 Hz mains interference": 263,
	"Fixation cross displayed on screen": 786,
	"Start of music play": 788,
	"Piece of music played - 301": 301,
	"Piece of music played - 302": 302,
	"Piece of music played - 303": 303,
	"Piece of music played - 304": 304,
	"Piece of music played - 305": 305,
	"Piece of music played - 306": 306,
	"Piece of music played - 307": 307,
	"Piece of music played - 308": 308,
	"Piece of music played - 309": 309,
	"Piece of music played - 310": 310,
	"Piece of music played - 311": 311,
	"Piece of music played - 312": 312,
	"Piece of music played - 313": 313,
	"Piece of music played - 314": 314,
	"Piece of music played - 315": 315,
	"Piece of music played - 316": 316,
	"Piece of music played - 317": 317,
	"Piece of music played - 318": 318,
	"Piece of music played - 319": 319,
	"Piece of music played - 320": 320,
	"Piece of music played - 321": 321,
	"Piece of music played - 322": 322,
	"Piece of music played - 323": 323,
	"Piece of music played - 324": 324,
	"Piece of music played - 325": 325,
	"Piece of music played - 326": 326,
	"Piece of music played - 327": 327,
	"Piece of music played - 328": 328,
	"Piece of music played - 329": 329,
	"Piece of music played - 330": 330,
	"Piece of music played - 331": 331,
	"Piece of music played - 332": 332,
	"Piece of music played - 333": 333,
	"Piece of music played - 334": 334,
	"Piece of music played - 335": 335,
	"Piece of music played - 336": 336,
	"Piece of music played - 337": 337,
	"Piece of music played - 338": 338,
	"Piece of music played - 339": 339,
	"Piece of music played - 340": 340,
	"Piece of music played - 341": 341,
	"Piece of music played - 342": 342,
	"Piece of music played - 343": 343,
	"Piece of music played - 344": 344,
	"Piece of music played - 345": 345,
	"Piece of music played - 346": 346,
	"Piece of music played - 347": 347,
	"Piece of music played - 348": 348,
	"Piece of music played - 349": 349,
	"Piece of music played - 350": 350,
	"Piece of music played - 351": 351,
	"Piece of music played - 352": 352,
	"Piece of music played - 353": 353,
	"Piece of music played - 354": 354,
	"Piece of music played - 355": 355,
	"Piece of music played - 356": 356,
	"Piece of music played - 357": 357,
	"Piece of music played - 358": 358,
	"Piece of music played - 359": 359,
	"Piece of music played - 360": 360,
	"Question 01 presented to user (The music made me feel pleasent)": 800,
	"Question 02 presented to user (The music made me feel energetic)": 801,
	"Question 03 presented to user (The music made me feel tense)": 802,
	"Question 04 presented to user (The music made me feel angry)": 803,
	"Question 05 presented to user (The music made me feel afraid)": 804,
	"Question 06 presented to user (The music made me feel happy)": 805,
	"Question 07 presented to user (The music made me feel sad)": 806,
	"Question 08 presented to user (The music made me feel tender)": 807,
	"The question was answered with a response of 1 (strongly disagree)": 901,
	"The question was answered with a response of 2 (somewhat disagree)": 902,
	"The question was answered with a response of 3 (disagree)": 903,
	"The question was answered with a response of 4 (slightly disagree)": 904,
	"The question was answered with a response of 5 (neither agree nor disagree)": 905,
	"The question was answered with a response of 6 (slightly agree)": 906,
	"The question was answered with a response of 7 (agree)": 907,
	"The question was answered with a response of 8 (somewhat agree)": 908,
	"The question was answered with a response of 9 (strongly agree)": 909,
	"Response 01 - The user selected 01 as their response": 833,
	"Response 02 - The user selected 02 as their response": 834,
	"Response 03 - The user selected 03 as their response": 835,
	"Response 04 - The user selected 04 as their response": 836,
	"Response 05 - The user selected 05 as their response": 837,
	"Response 06 - The user selected 06 as their response": 838,
	"Response 07 - The user selected 07 as their response": 839,
	"Response 08 - The user selected 08 as their response": 840,
	"Response 09 - The user selected 09 as their response": 841,
	"not used 1": 32768,
    "Question no longer displayed on screen": 33568,
    "not used 2": 33569,
    "not used 3": 33570,
    "not used 4": 33571,
    "not used 5": 33572,
    "not used 6": 33573,
    "not used 7": 33574,
    "not used 8": 33575
}
